vertex,person,rank
0,Adam,0.4605615869850827
1,Lisa,0.0375
2,Bert,0.44850091301491685
3,Ralph,0.0534375
